name,price,year,total_km,location,engine_type,transmission
2012 Honda CR-V 2.0L MT,137000000,2012,,,,Manual
2017 Honda HRV 1.8 Prestige,250000000,2017,53000,Denpasar,Bensin,Otomatis
2024 Daihatsu Terios X M/T,230000000,2024,30000,Denpasar,Bensin,Manual
2019 Daihatsu Terios R A/T Deluxe,215000000,2019,,,,Otomatis
2022 Daihatsu Terios X M/T,210000000,2022,60000,Makassar,Bensin,Manual
2015 Chevrolet Captiva DOHC 2.0 AT,120000000,2015,198125,Pekanbaru,Bensin,Otomatis
2019 Mazda CX-5 Elite,435000000,2019,,,,Otomatis
2017 Mazda CX-5 GRAND TOURING SKYACTIVE,350000000,2017,30159,Malang,Bensin,
2022 Mazda CX-5 Elite,390000000,2022,77000,Bekasi,Bensin,Otomatis
2011 Nissan Juke CVT 1.5 AT,115000000,2011,,,,CVT
2016 Suzuki SX4 S Cross AT,145000000,2016,72221,Denpasar,Bensin,Otomatis
2020 Honda HRV 1.5L SE CVT,295000000,2020,66000,Bekasi,Bensin,CVT
2014 Nissan March 1.2 XS AT,115000000,2014,,,,Otomatis
2013 Nissan March 1.2 AT,88000000,2013,1234,"Tangerang Selatan
5 Seat
1198 Cc
Panggilan Gratis",Bensin,Otomatis
2022 Honda HRV 1.5L SE CVT,355000000,2022,17888,Yogyakarta,Bensin,CVT
2022 Hyundai Creta Style IVT,249000000,2022,,,,
2012 Honda CR-V 2.4 AT,155000000,2012,120554,"Tangerang Selatan
Panggilan Gratis",Bensin,Otomatis
2021 Honda HRV SE 1.5L AT,248000000,2021,69000,"Jakarta Pusat
Panggilan Gratis",Bensin,Otomatis
2019 Honda HRV 1.5L E CVT,215000000,2019,,,,CVT
2019 Honda CR-V 1.5L Turbo Prestige,370000000,2019,62000,"Jakarta Pusat
7 Seat
1498 Cc
Panggilan Gratis",Bensin,CVT
2022 Honda CR-V 1.5L Black Edition,515000000,2022,31000,"Jakarta Pusat
7 Seat
1498 Cc
Panggilan Gratis",Bensin,CVT
2020 Honda CR-V 1.5L Turbo Prestige,449000000,2020,,,,
2018 Honda HRV 1.8 Prestige,243000000,2018,104000,"Jakarta Pusat
Panggilan Gratis",Bensin,Otomatis
2018 Honda CR-V 1.5L Turbo Prestige,372000000,2018,35000,"Jakarta Pusat
7 Seat
1498 Cc
Panggilan Gratis",Bensin,CVT
2013 Honda CR-V 2.4L AT,170000000,2013,,,,Otomatis
2019 Honda CR-V 1.5L Turbo,340000000,2019,40000,"Jakarta Pusat
7 Seat
1498 Cc
Panggilan Gratis",Bensin,CVT
2017 Honda HRV 1.5L E CVT,195000000,2017,,,,CVT
2015 Honda HRV 1.8 Prestige,237000000,2015,80000,"Jakarta Pusat
Panggilan Gratis",Bensin,Otomatis
2013 Honda CR-V 2.4L Prestige AT,188000000,2013,,,,Otomatis
2019 Honda HRV SE 1.5L AT,255000000,2019,,,,Otomatis
2017 Honda CR-V 2.4L Prestige AT,260000000,2017,,,,Otomatis
2016 Honda HRV 1.8 Prestige,225000000,2016,85000,"Jakarta Pusat
Panggilan Gratis",Bensin,Otomatis
2016 Honda CR-V PRESTIGE 2.4 AT,240000000,2016,70000,"Jakarta Pusat
Panggilan Gratis",Bensin,Otomatis
2015 Honda CR-V 2.4 AT,213000000,2015,,,,Otomatis
2015 Honda CR-V PRESTIGE 2.4 AT,272000000,2015,78000,"Jakarta Pusat
Panggilan Gratis",Bensin,Otomatis
2021 Honda HRV 1.5L E CVT Special Edition,275000000,2021,,,,CVT
2020 Honda HRV 1.5L E CVT,256000000,2020,66000,"Jakarta Pusat
5 Seat
1497 Cc
Panggilan Gratis",Bensin,CVT
2018 Honda CR-V 1.5L Turbo,342000000,2018,80000,"Jakarta Pusat
7 Seat
1498 Cc
Panggilan Gratis",Bensin,CVT
2018 Honda CR-V 1.5L Black Edition,305000000,2018,,,,
2016 Honda CR-V 2.4 Prestige 24 J Bensin AT,265000000,2016,97000,"Jakarta Pusat
Panggilan Gratis",Bensin,Otomatis
2016 Honda CR-V 2.4L Prestige AT,250000000,2016,100000,"Jakarta Pusat
5 Seat
2354 Cc
Panggilan Gratis",Bensin,Otomatis
2021 Honda CR-V 1.5L Turbo,330000000,2021,68273,"Jakarta Pusat
7 Seat
1498 Cc
Panggilan Gratis",Bensin,CVT
2023 Daihatsu Terios X A/T Deluxe,206000000,2023,28000,"Jakarta Pusat
7 Seat
1496 Cc
Panggilan Gratis",Bensin,Otomatis
2020 Honda CR-V 2.0L,275000000,2020,165000,"Jakarta Pusat
5 Seat
1997 Cc
Panggilan Gratis",Bensin,CVT
2015 Honda CR-V PRESTGE AT,205000000,2015,,,,Otomatis
2011 Honda CR-V 2.4 AT,130000000,2011,90000,"Jakarta Pusat
Panggilan Gratis",Bensin,Otomatis
2019 Toyota Rush 1.5L TRD AT,185000000,2019,,,,Otomatis
2022 Honda CR-V 1.5L Turbo Prestige,440000000,2022,70784,"Jakarta Pusat
7 Seat
1498 Cc
Panggilan Gratis",Bensin,CVT
2016 Honda CR-V 2.4L AT,210000000,2016,100000,"Jakarta Pusat
Panggilan Gratis",Bensin,Otomatis
2020 Daihatsu Terios R A/T,220000000,2020,50088,"Jakarta Pusat
7 Seat
1496 Cc
Panggilan Gratis",Bensin,Otomatis
2017 Honda HRV 1.5L S CVT,200000000,2017,,,,CVT
2015 Honda CR-V 2.4L Prestige AT,220000000,2015,92000,"Jakarta Pusat
5 Seat
2354 Cc
Panggilan Gratis",Bensin,Otomatis
2021 Honda CR-V 1.5L Turbo Prestige,435000000,2021,,,,
2013 Honda CR-V 2.4 AT,178000000,2013,95000,"Jakarta Pusat
Panggilan Gratis",Bensin,Otomatis
2022 Honda CR-V 2.0L,365000000,2022,50000,"Jakarta Pusat
5 Seat
1997 Cc
Panggilan Gratis",Bensin,CVT
2015 Honda HRV 1.5L E CVT,192000000,2015,,,,CVT
2019 Honda CR-V 2.0L,308000000,2019,62000,"Jakarta Pusat
5 Seat
1997 Cc
Panggilan Gratis",Bensin,CVT
2018 Honda CR-V 2.0L,304000000,2018,,,,
2015 Honda CR-V 2.0L MT,190000000,2015,90000,"Jakarta Pusat
Panggilan Gratis",Bensin,Manual
2015 Honda CR-V 2.0L AT,185000000,2015,,,,Otomatis
2014 Honda CR-V 2.4L Prestige AT,191000000,2014,,,,Otomatis
2016 Honda CR-V 2.4 AT,219000000,2016,112000,"Jakarta Pusat
Panggilan Gratis",Bensin,Otomatis
2021 Toyota Rush 1.5L TRD AT,229000000,2021,33000,"Jakarta Pusat
Panggilan Gratis",Diesel,Otomatis
2021 Honda HRV 1.5L E CVT,260000000,2021,41000,"Jakarta Pusat
5 Seat
1497 Cc
Panggilan Gratis",Bensin,CVT
2020 Honda HRV SE 1.5L AT,265000000,2020,47000,"Jakarta Pusat
Panggilan Gratis",Bensin,Otomatis
2017 Honda CR-V 2.4 AT,243000000,2017,71000,"Jakarta Pusat
Panggilan Gratis",Bensin,Otomatis
2013 Honda CR-V PRESTIGE 2.4 AT,190000000,2013,,,,Otomatis
2021 Daihatsu Terios R M/T Deluxe,205000000,2021,62988,"Jakarta Pusat
7 Seat
1496 Cc
Panggilan Gratis",Bensin,Manual
2019 Honda HRV 1.8L Prestige,265000000,2019,,,,
2022 Honda CR-V 1.5L Turbo,407000000,2022,39000,"Jakarta Pusat
7 Seat
1498 Cc
Panggilan Gratis",Bensin,CVT
2021 Daihatsu Terios X ADS MT,179000000,2021,68843,"Tangerang Selatan
7 Seat
1496 Cc
Panggilan Gratis",Bensin,Manual
2019 Toyota Rush 1.5L TRD MT,195000000,2019,53000,"Jakarta Pusat
Panggilan Gratis",Diesel,Manual
2021 Daihatsu Terios X A/T,189000000,2021,,,,Otomatis
2013 Honda CR-V 2.0L AT,149000000,2013,53346,"Jakarta Pusat
Panggilan Gratis",Bensin,Otomatis
2019 Daihatsu Terios R A/T,185000000,2019,140371,Bandung,Bensin,Otomatis
2014 Mazda CX-5 GT,170000000,2014,,,,Otomatis
2014 Mazda CX-5 GRAND TOURING,177000000,2014,83000,"Jakarta Utara
Panggilan Gratis",Bensin,
2013 Mazda CX-5 2.0L AT TOURING,160000000,2013,98000,"Jakarta Pusat
Panggilan Gratis",Bensin,Otomatis
2013 Mazda CX-5 GRAND TOURING,170000000,2013,,,,
2023 Honda BRV Prestige 1.5L AT,270000000,2023,36000,"Jakarta Pusat
Panggilan Gratis",Bensin,Otomatis
2018 Mazda CX-5 2.5L GT AT,369000000,2018,,,,Otomatis
2017 Honda BRV Prestige 1.5L AT,187000000,2017,68000,"Jakarta Pusat
Panggilan Gratis",Bensin,Otomatis
2019 Suzuki SX4 S Cross AT,178000000,2019,80000,"Jakarta Pusat
5 Seat
1491 Cc
Panggilan Gratis",Bensin,Otomatis
2017 Mazda CX-5 GT,265000000,2017,,,,Otomatis
2022 Suzuki SX4 S Cross AT,215000000,2022,15000,"Jakarta Pusat
5 Seat
1491 Cc
Panggilan Gratis",Bensin,Otomatis
2022 Mazda CX-5 Kuro,435000000,2022,,,,Otomatis
2014 Mazda CX-5 GRAND TOURING SKYACTIVE,165000000,2014,80000,"Jakarta Pusat
Panggilan Gratis",Bensin,
2013 Nissan March 1.2 MT,85000000,2013,,,,Manual
2013 Mazda CX-5 GRAND TOURING SKYACTIVE,149000000,2013,102000,"Jakarta Pusat
Panggilan Gratis",Bensin,
2023 Mazda CX-5 Kuro,550000000,2023,,,,Otomatis
2020 Mazda CX-5 GT,380000000,2020,35000,"Jakarta Pusat
5 Seat
2488 Cc
Panggilan Gratis",Bensin,Otomatis
2023 Mazda CX-5 GRAND TOURING SKYACTIVE,530000000,2023,,,,
2022 Honda BRV Prestige 1.5L AT,257000000,2022,,,,Otomatis
2018 Mazda CX-5 Elite,366000000,2018,59000,"Jakarta Pusat
5 Seat
2488 Cc
Panggilan Gratis",Bensin,Otomatis
2018 Mazda CX-5 GRAND TOURING,292000000,2018,,,,
2015 Nissan March 1.2 XS AT,110000000,2015,85000,"Jakarta Pusat
5 Seat
1198 Cc
Panggilan Gratis",Bensin,Otomatis
2018 Mazda CX-5 GT,311000000,2018,61000,"Jakarta Pusat
5 Seat
2488 Cc
Panggilan Gratis",Bensin,Otomatis
2012 Nissan March 1.2 AT,91000000,2012,107000,"Jakarta Pusat
5 Seat
1198 Cc
Panggilan Gratis",Bensin,Otomatis
2021 Mazda CX-5 Kuro,440000000,2021,27000,"Jakarta Pusat
5 Seat
2488 Cc
Panggilan Gratis",Bensin,Otomatis
2020 Mazda CX-5 2.5L GT AT,398000000,2020,2707,"Jakarta Pusat
Panggilan Gratis",Bensin,Otomatis
2015 Nissan March 1.2 AT,127000000,2015,88161,"Jakarta Pusat
5 Seat
1198 Cc
Panggilan Gratis",Bensin,Otomatis
2016 Honda BRV Prestige 1.5L AT,188000000,2016,91000,"Jakarta Pusat
Panggilan Gratis",Bensin,Otomatis
2023 Mazda CX-5 Elite,430000000,2023,,,,Otomatis
2018 Suzuki SX4 S Cross AT,175000000,2018,72222,"Jakarta Pusat
5 Seat
1491 Cc
Panggilan Gratis",Bensin,Otomatis
2012 Nissan March 1.2 XS AT,108000000,2012,51000,"Jakarta Pusat
5 Seat
1198 Cc
Panggilan Gratis",Bensin,Otomatis
2017 Mazda CX-5 Elite,295000000,2017,65185,"Jakarta Utara
5 Seat
2488 Cc
Panggilan Gratis",Bensin,Otomatis
2011 Nissan Juke RX AT,115000000,2011,,,,Otomatis
2020 Honda BRV Prestige 1.5L AT,232000000,2020,,,,Otomatis
2013 Mazda CX-5 GT,163000000,2013,88000,"Jakarta Pusat
5 Seat
2488 Cc
Panggilan Gratis",Bensin,Otomatis
2016 Mazda CX-5 GT,225000000,2016,,,,Otomatis
2021 Mazda CX-5 GRAND TOURING,450000000,2021,,,,
2023 CHERY 5 RZ,295000000,2023,5000,"Jakarta Pusat
5 Seat
1498 Cc
Panggilan Gratis",Bensin,CVT
2024 Wuling Cloud EV Lite,270000000,2024,24000,"Jakarta Pusat
5 Seat
Panggilan Gratis",Listrik,Otomatis
2023 Honda HRV 1.5L SE CVT,322000000,2023,23000,"Jakarta Pusat
5 Seat
1498 Cc
Panggilan Gratis",Bensin,CVT
2022 Kia Sonet Premiere,255000000,2022,12000,"Jakarta Pusat
5 Seat
1497 Cc
Panggilan Gratis",Bensin,
2022 Honda HRV 1.5L Turbo RS,420000000,2022,,,,
2021 Honda HRV 1.5L SE CVT,245000000,2021,46000,"Jakarta Pusat
5 Seat
1498 Cc
Panggilan Gratis",Bensin,CVT
2024 Wuling Cloud EV Pro,263000000,2024,29000,"Jakarta Pusat
5 Seat
Panggilan Gratis",Listrik,Otomatis
2015 Honda HRV E CVT,172000000,2015,,,,CVT
2024 Honda WR-V 1.5L RS With Honda Sensing,280000000,2024,20000,"Jakarta Pusat
5 Seat
1498 Cc
Panggilan Gratis",Bensin,CVT
2023 Hyundai Stargazer X 1.5L IVT Prime,255000000,2023,,,,
2023 Honda WR-V 1.5L RS With Honda Sensing,270000000,2023,14000,"Jakarta Pusat
5 Seat
1498 Cc
Panggilan Gratis",Bensin,CVT
2019 Mazda CX-3 2.0 GT,260000000,2019,78000,"Jakarta Pusat
Panggilan Gratis",Bensin,
2019 Honda HRV 1.5L SE CVT,240000000,2019,30000,"Jakarta Pusat
5 Seat
1498 Cc
Panggilan Gratis",Bensin,CVT
2018 Honda HRV 1.5L SE CVT,238000000,2018,,,,CVT
2018 Mazda CX-3 Touring,243000000,2018,64000,"Jakarta Pusat
5 Seat
1999 Cc
Panggilan Gratis",Bensin,Otomatis
2017 Mazda CX-3 Touring,245000000,2017,60000,"Jakarta Pusat
5 Seat
1999 Cc
Panggilan Gratis",Bensin,Otomatis
2016 Honda HRV E CVT,193000000,2016,,,,CVT
2013 BMW X1 SDRIVE 18i EXECUTIVE,215000000,2013,40000,"Jakarta Pusat
Panggilan Gratis",Bensin,
2024 Honda WR-V 1.5L RS,279000000,2024,3000,"Jakarta Pusat
5 Seat
1498 Cc
Panggilan Gratis",Bensin,CVT
2023 Honda WR-V 1.5L E CVT,220000000,2023,,,,CVT
2022 Mercedes Benz GLA 200 AMG Line,695000000,2022,,,,Otomatis
2018 Honda HRV E CVT,220000000,2018,,,,CVT
2023 Honda WR-V 1.5L RS,252000000,2023,27000,"Jakarta Pusat
5 Seat
1498 Cc
Panggilan Gratis",Bensin,CVT
2023 Hyundai Creta Prime IVT,315000000,2023,15000,"Jakarta Pusat
5 Seat
1497 Cc
Panggilan Gratis",Bensin,
2019 Chevrolet Trax 1.4 Premier AT,187000000,2019,52000,"Jakarta Pusat
5 Seat
1364 Cc
Panggilan Gratis",Bensin,Otomatis
2017 Chevrolet Trax 1.4T LTZ AT,180000000,2017,80000,"Jakarta Pusat
5 Seat
1364 Cc
Panggilan Gratis",Bensin,Otomatis
2017 Honda HRV E CVT,215000000,2017,,,,CVT
2017 BMW X5 xDrive35i xLine,785000000,2017,37000,"Jakarta Pusat
5 Seat
2979 Cc
Panggilan Gratis",Bensin,Otomatis
2022 Honda WR-V 1.5L RS With Honda Sensing,268000000,2022,20000,"Jakarta Pusat
5 Seat
1498 Cc
Panggilan Gratis",Bensin,CVT
2022 Toyota Corolla Cross HEV,435000000,2022,,,,
2020 Honda HRV E CVT,253000000,2020,60000,"Jakarta Pusat
5 Seat
1498 Cc
Panggilan Gratis",Bensin,CVT
2019 Chevrolet Trax 1.4 LT AT,183000000,2019,55000,"Jakarta Pusat
5 Seat
1364 Cc
Panggilan Gratis",Bensin,Otomatis
2018 Chevrolet Trax 1.4 Premier AT,185000000,2018,,,,Otomatis
2017 Mazda CX 3 2.0 Touring Skyactive AT,248000000,2017,40000,"Jakarta Pusat
5 Seat
1999 Cc
Panggilan Gratis",Bensin,Otomatis
2016 Honda HRV 1.5L SE CVT,212000000,2016,,,,CVT
2025 CHERY Tiggo Cross Premium,245000000,2025,32000,"Jakarta Pusat
5 Seat
1498 Cc
Panggilan Gratis",Bensin,CVT
2018 Mercedes Benz GLC-Class 200 Exclusive Line,750000000,2018,80000,"Jakarta Pusat
5 Seat
1991 Cc
Panggilan Gratis",Bensin,Otomatis
2022 Hyundai Creta Prime IVT,290000000,2022,27000,"Jakarta Pusat
5 Seat
1497 Cc
Panggilan Gratis",Bensin,
2022 Mercedes Benz GLC-Class 200 AMG Line,800000000,2022,,,,Otomatis
2022 BMW X3 xDrive30i M Sport,920000000,2022,22000,"Jakarta Pusat
5 Seat
1998 Cc
Panggilan Gratis",Bensin,Otomatis
2022 Lexus UX 300e,695000000,2022,17213,"Jakarta Pusat
5 Seat
Panggilan Gratis",,Otomatis
2019 Mazda CX-3 Touring,230000000,2019,69000,"Jakarta Pusat
5 Seat
1999 Cc
Panggilan Gratis",Bensin,Otomatis
2024 Honda HRV 1.5L Turbo RS,455000000,2024,2000,"Jakarta Pusat
5 Seat
1498 Cc
Panggilan Gratis",Bensin,CVT
2022 BMW X3 sDrive20i xLine,840000000,2022,25000,"Jakarta Pusat
5 Seat
1998 Cc
Panggilan Gratis",Bensin,Otomatis
2022 Hyundai Creta Trend IVT,225000000,2022,69000,"Jakarta Pusat
5 Seat
1497 Cc
Panggilan Gratis",Bensin,
2019 BMW X3 sDrive20i xLine,540000000,2019,,,,Otomatis
2024 Honda HRV 1.5L SE CVT,375000000,2024,3981,"Jakarta Pusat
5 Seat
1498 Cc
Panggilan Gratis",Bensin,CVT
2024 Hyundai Creta Prime IVT,340000000,2024,15000,"Jakarta Pusat
5 Seat
1497 Cc
Panggilan Gratis",Bensin,
2020 Mercedes Benz GLC-Class 200 AMG Line,715000000,2020,,,,Otomatis
2021 Mazda CX 3 2.0 Touring Skyactive AT,280000000,2021,37000,"Jakarta Pusat
5 Seat
1999 Cc
Panggilan Gratis",Bensin,Otomatis
2020 Mercedes Benz GLA 200,520000000,2020,,,,
2020 Mazda CX 3 2.0 Touring Skyactive AT,290000000,2020,48000,"Jakarta Pusat
5 Seat
1999 Cc
Panggilan Gratis",Bensin,Otomatis
2017 Mazda CX 3 Grand Touring,265000000,2017,52000,"Jakarta Pusat
5 Seat
1999 Cc
Panggilan Gratis",Bensin,Otomatis
2008 Toyota Harrier 2.4L AT,140000000,2008,12345,"Jakarta Pusat
5 Seat
2362 Cc
Panggilan Gratis",Bensin,Otomatis
2008 Toyota Harrier 2.4 G L-Premium,150000000,2008,,,,Otomatis
2020 Mazda CX-3 2.0 GT,255000000,2020,,,,
2017 BMW X5 XDRIVE 35i AT,490000000,2017,,,,Otomatis
2012 Ford Focus Sedan Titanium 2.0L AT,135000000,2012,80000,"Jakarta Pusat
5 Seat
1999 Cc
Panggilan Gratis",Bensin,Otomatis
2021 Mercedes Benz GLC-Class 200 AMG Line,714000000,2021,,,,Otomatis
2019 Lexus UX 250h,585000000,2019,22000,"Jakarta Pusat
5 Seat
1987 Cc
Panggilan Gratis",Bensin,CVT
2023 Hyundai Creta Trend IVT,260000000,2023,27000,"Jakarta Pusat
5 Seat
1497 Cc
Panggilan Gratis",Bensin,
2023 Kia Sonet Premiere,265000000,2023,36000,"Jakarta Pusat
5 Seat
1497 Cc
Panggilan Gratis",Bensin,
2023 Honda HRV 1.5L Turbo RS,430000000,2023,,,,
2011 Toyota Harrier 2.4 G L-Premium,195000000,2011,161000,"Jakarta Pusat
5 Seat
2362 Cc
Panggilan Gratis",Bensin,Otomatis
2025 Honda HRV 1.5L SE CVT,359000000,2025,5000,"Jakarta Pusat
5 Seat
1498 Cc
Panggilan Gratis",Bensin,CVT
2021 Kia Sonet Premiere,253000000,2021,48000,"Jakarta Pusat
5 Seat
1497 Cc
Panggilan Gratis",Bensin,
2021 Toyota Corolla Cross HEV,355000000,2021,111000,"Jakarta Pusat
5 Seat
1798 Cc
Panggilan Gratis",Bensin,CVT
2021 Mercedes Benz GLA 200 AMG Line,600000000,2021,,,,Otomatis
2018 Lexus NX 300 F-Sport,565000000,2018,52345,"Jakarta Pusat
5 Seat
1998 Cc
Panggilan Gratis",Bensin,Otomatis
2022 Honda HRV E CVT,279000000,2022,,,,CVT
2021 BMW X3 sDrive20i xLine,640000000,2021,32234,"Jakarta Pusat
5 Seat
1998 Cc
Panggilan Gratis",Bensin,Otomatis
2022 Audi Q7 3.0 TFSI Quattro,1200000000,2022,,,,Otomatis
2018 Mazda CX 3 2.0 Touring Skyactive AT,252000000,2018,60000,"Jakarta Pusat
5 Seat
1999 Cc
Panggilan Gratis",Bensin,Otomatis
2018 BMW X2 sDrive18i M Sport X,555000000,2018,20000,"Jakarta Pusat
5 Seat
1499 Cc
Panggilan Gratis",Bensin,
2017 BMW X1 sDrive18i xLine,365000000,2017,60000,"Jakarta Pusat
5 Seat
1499 Cc
Panggilan Gratis",Bensin,
2016 Kia Sportage GT Ultimate,255000000,2016,,,,Otomatis
2016 Mercedes Benz GLA 200,390000000,2016,61000,"Jakarta Pusat
Panggilan Gratis",Bensin,
2013 Ford Focus Sedan Titanium 2.0L AT,144000000,2013,24000,"Jakarta Pusat
5 Seat
1999 Cc
Panggilan Gratis",Bensin,Otomatis
2021 Toyota Corolla Cross CROSS 1.8 SV Bensin AT,394000000,2021,43000,"Jakarta Pusat
Panggilan Gratis",Bensin,Otomatis
2011 Nissan Murano 3.5L AT,184000000,2011,60000,"Jakarta Pusat
5 Seat
3499 Cc
Panggilan Gratis",Bensin,CVT
2021 Honda HRV E CVT,220000000,2021,28396,"Jakarta Pusat
5 Seat
1498 Cc
Panggilan Gratis",Bensin,CVT
2019 BMW X1 sDrive18i xLine,435000000,2019,,,,
2019 Lexus UX 200 F Sport,475000000,2019,24473,"Jakarta Pusat
5 Seat
1987 Cc
Panggilan Gratis",Bensin,CVT
2025 Citroen C3 1.2L MT,158000000,2025,,,,Manual
2025 Honda WR-V 1.5L E CVT,265000000,2025,16599,"Jakarta Pusat
5 Seat
1498 Cc
Panggilan Gratis",Bensin,CVT
2022 Honda WR-V 1.5L E CVT,250000000,2022,,,,CVT
2016 Chevrolet Trax 1.4T LTZ AT,137000000,2016,72000,"Jakarta Pusat
5 Seat
1364 Cc
Panggilan Gratis",Bensin,Otomatis
2014 BMW X1 SDRIVE 18i EXECUTIVE,230000000,2014,76000,"Jakarta Pusat
Panggilan Gratis",Bensin,
2019 Lexus NX 300 F-Sport,750000000,2019,,,,Otomatis
2023 CHERY 5 Z,225000000,2023,,,,
2019 Lexus UX 200 Luxury,535000000,2019,,,,
2010 Nissan Murano 2.5L AT,145000000,2010,126000,"Jakarta Pusat
5 Seat
2498 Cc
Panggilan Gratis",Bensin,CVT
2023 Honda HRV E CVT,340000000,2023,12000,"Jakarta Pusat
5 Seat
1498 Cc
Panggilan Gratis",Bensin,CVT
2016 BMW X5 XDRIVE 35i AT,415000000,2016,,,,Otomatis
2023 Lexus RZ 450e Luxury,1890000000,2023,48000,"Jakarta Pusat
5 Seat
Panggilan Gratis",,Otomatis
2001 BMW X5 3.0L AT BENSIN,110000000,2001,105000,"Jakarta Pusat
Panggilan Gratis",Bensin,Otomatis
2023 Honda HRV SE 1.5L AT,378000000,2023,9462,Yogyakarta,Bensin,Otomatis
2016 BMW X1 sDrive18i xLine,225000000,2016,40000,"Tangerang Selatan
5 Seat
1499 Cc
Lihat Detail Penjual",Bensin,
2018 Mercedes Benz GLC-Class 200 AMG Line,615000000,2018,,,,Otomatis
2023 Honda WR-V RS With Honda Sensing,235000000,2023,9000,"Tangerang Selatan
5 Seat
1498 Cc
Lihat Detail Penjual",Bensin,CVT
2020 BMW X3 sDrive20i xLine,599000000,2020,28000,"Tangerang Selatan
5 Seat
1998 Cc
Lihat Detail Penjual",Bensin,Otomatis
2018 BMW X1 sDrive18i xLine,305000000,2018,,,,
2011 BMW X5 XDRIVE 30i XLINE,199000000,2011,60000,"Tangerang Selatan
Lihat Detail Penjual",Bensin,
2024 Honda HRV SE 1.5L AT,385000000,2024,,,,Otomatis
2016 Honda HRV 1.5L E CVT,199000000,2016,80000,Palembang,Bensin,CVT
2014 Nissan Juke RX AT,140000000,2014,115236,,Bensin,Otomatis
2024 Honda WR-V 1.5L E CVT,245000000,2024,7288,,Bensin,CVT
2023 Daihatsu Terios R A/T,240000000,2023,,,,Otomatis
2019 Honda HRV 1.5L E CVT Special Edition,250000000,2019,,,,CVT
2017 Honda HRV 1.8L E CVT,285000000,2017,67531,"Jakarta Utara
5 Seat
1799 Cc
Ventilasi Ac Belakang
Engine Start Stop Button
Power Outlet
Automatic Climate Control
Jok Dilapis Kulit
Cruise Control
Lihat Detail Penjual",Bensin,CVT
2016 Honda CR-V 2.0L MT,232000000,2016,75000,Sidoarjo,Bensin,Manual
2018 Honda HRV 1.5L E CVT,235000000,2018,,,,CVT
2012 Honda CR-V 2.0L AT,179000000,2012,95000,,Bensin,Otomatis
2019 Daihatsu Terios R M/T,190000000,2019,60000,Denpasar,Bensin,Manual
2014 Honda CR-V 2.0L,190000000,2014,,,,
2017 Honda CR-V 1.5L Turbo Prestige,375000000,2017,,,,
2005 Honda HRV 1.8 Prestige,242000000,2005,80000,Bekasi,Bensin,Otomatis
2004 Honda Jazz I-DSI 1.5L MT,85000000,2004,99000,,Diesel,Manual
2011 Honda CR-V 2.4 4X2 AUTOMATIC,155000000,2011,123456,Bekasi,Bensin,
2022 Daihatsu Terios X A/T Deluxe,209000000,2022,,,,Otomatis
2017 Honda HRV 1.5L S MT,225000000,2017,47000,Surabaya,Bensin,Manual
2014 Honda CR-V 2.0 i-VTEC AT,195000000,2014,60000,Surabaya,Bensin,Otomatis
2012 Honda CR-V 2.4 I-VTEC AT,170000000,2012,105000,Bandung,Bensin,Otomatis
2020 Honda Jazz VTEC 1.5L AT,258500000,2020,31905,Sidoarjo,Bensin,Otomatis
2018 Daihatsu Terios X A/T Deluxe,190000000,2018,,,,Otomatis
2012 Honda CR-V 2.4L AT,145000000,2012,,,,Otomatis
2018 Daihatsu Terios R M/T,192000000,2018,58000,Sidoarjo,Bensin,Manual
2020 Daihatsu Terios X A/T Deluxe,199900000,2020,50000,Surabaya,Bensin,Otomatis
2004 Honda CR-V 2.0L,75000000,2004,150000,"Jakarta Utara
5 Seat
1997 Cc
Ventilasi Ac Belakang
Engine Start Stop Button
Lingkar Kemudi Dengan Tombol Multi Fungsi
Layar Sentuh
Anti Lock Braking System
Sensor Parkir
Lihat Detail Penjual",Bensin,CVT
2004 Honda CR-V 2.0L 4X2 AT,75000000,2004,,,,Otomatis
2013 Nissan Juke RX AT,150000000,2013,50000,,Bensin,Otomatis
2012 Nissan Juke RX AT,170000000,2012,90000,,Bensin,Otomatis
2012 Nissan Juke CVT 1.5 AT,140000000,2012,,,,CVT
2013 Nissan Juke 1.5L RX CVT,145000000,2013,99000,,Bensin,CVT
2016 Mazda CX 5 GRAND TOURING SKYACTIVE,270000000,2016,65000,"Jakarta Utara
Lihat Detail Penjual",Bensin,
2014 Mazda CX 5 2.5L GT AT,205000000,2014,,,,Otomatis
2019 Mazda CX 5 Elite,418000000,2019,50000,"Jakarta Utara
5 Seat
2488 Cc
Ventilasi Ac Belakang
Engine Start Stop Button
Power Outlet
Lingkar Kemudi Dengan Tombol Multi Fungsi
Automatic Climate Control
Layar Sentuh
Lihat Detail Penjual",Bensin,Otomatis
2015 Nissan Juke 1.5L RX CVT,165000000,2015,94000,Denpasar,Bensin,CVT
2020 Mazda CX-5 GRAND TOURING SKYACTIVE,423000000,2020,24993,"Tangerang
Lihat Detail Penjual",Bensin,
2013 Mazda CX-5 2.5L Sport AT,185000000,2013,99000,Bandung,Bensin,Otomatis
2017 Suzuki SX4 S Cross AT,152000000,2017,104000,Semarang,Bensin,Otomatis
2014 Mazda CX-5 2.5L GT AT,205000000,2014,,,,Otomatis
2014 Mazda CX-5 2.0L AT,185000000,2014,90000,"Jakarta Selatan
Lihat Detail Penjual",Bensin,Otomatis
2011 Nissan Juke 1.5L RX CVT,119000000,2011,,,,CVT
2012 Nissan Juke 1.5L CVT,123000000,2012,,,,CVT
2008 Suzuki SX4 S Cross AT,90000000,2008,15000,Denpasar,Bensin,Otomatis
2011 Suzuki SX4 X-OVER 1.5 RC1 AT,110000000,2011,100000,Surabaya,Bensin,Otomatis
2014 Nissan Juke 1.5L RX CVT,140000000,2014,,,,CVT
2012 Nissan Juke 1.5L RX CVT,110000000,2012,110000,"Jakarta Pusat
Lihat Detail Penjual",Bensin,CVT
2017 Nissan Juke 1.5L RX CVT,188000000,2017,49000,Surabaya,Bensin,CVT
2013 Nissan Juke 1.5L CVT,124000000,2013,,,,CVT
1992 Toyota Corolla 1.6 SE GREAT MT SDN,52000000,1992,145023,,Bensin,Manual
2011 Nissan March 1.2 XS AT,79000000,2011,100000,"Jakarta Selatan
5 Seat
1198 Cc
Engine Start Stop Button
Lingkar Kemudi Dengan Tombol Multi Fungsi
Automatic Head Lamps
Airbag Penumpang Depan
Alarm Mobil
Spoiler Belakang
Lihat Detail Penjual",Bensin,Otomatis
2011 Nissan March 1.2 AT,85000000,2011,,,,Otomatis
2018 Honda HRV E Plus CVT,215000000,2018,112823,Depok,Bensin,CVT
2013 BMW X5 XDRIVE 30i XLINE,335000000,2013,,,,
2019 BMW X2 sDrive18i M Sport X,815000000,2019,35000,"Jakarta Selatan
5 Seat
1499 Cc
Lihat Detail Penjual",Bensin,
2020 Toyota Corolla Cross HEV,435000000,2020,18000,Surabaya,Hybrid,CVT
2015 BMW X5 XDRIVE 30i XLINE,545000000,2015,87000,"Jakarta Utara
Lihat Detail Penjual",Bensin,
2014 Toyota Harrier 2.4 G L-Premium,395000000,2014,90000,"Jakarta Selatan
5 Seat
2362 Cc
Lihat Detail Penjual",Bensin,Otomatis
2017 Mazda CX-3 2.0 GT,300000000,2017,60000,Surabaya,Bensin,
2014 BMW X3 xDrive20d xLine,385000000,2014,79000,"Jakarta Selatan
5 Seat
1997 Cc
Ventilasi Ac Belakang
Engine Start Stop Button
Power Outlet
Lingkar Kemudi Dengan Tombol Multi Fungsi
Automatic Climate Control
Air Quality Control
Lihat Detail Penjual",Diesel,Otomatis
2020 Suzuki XL7 BETA A/T,212000000,2020,48000,Sidoarjo,Bensin,
2018 Lexus RX 300 Luxury,925000000,2018,42000,"Jakarta Selatan
7 Seat
1998 Cc
Ventilasi Ac Belakang
Engine Start Stop Button
Power Outlet
Lingkar Kemudi Dengan Tombol Multi Fungsi
Automatic Climate Control
Air Quality Control
Lihat Detail Penjual",Bensin,Otomatis
2014 Fiat 500s Sport,245000000,2014,13000,"Jakarta Utara
5 Seat
1368 Cc
Ventilasi Ac Belakang
Power Outlet
Automatic Climate Control
Jok Dilapis Kulit
Lingkar Kemudi Dengan Tombol Multi Fungsi
Anti Lock Braking System
Lihat Detail Penjual",Bensin,Otomatis
2023 BMW X5 M M Competition,1250000000,2023,,,,Otomatis
2018 Mercedes Benz GLA 200 AMG Line,515000000,2018,19000,Surabaya,Bensin,Otomatis
2017 Audi Q3 1.4 TFSI,450000000,2017,25000,"Jakarta Selatan
5 Seat
1395 Cc
Lihat Detail Penjual",Bensin,Otomatis
2016 Hyundai Tucson XG,221000000,2016,,,,Otomatis
2015 Toyota Harrier 3.0 G L-Premium,435000000,2015,48000,"Jakarta Selatan
5 Seat
2994 Cc
Lihat Detail Penjual",Bensin,Otomatis
2010 Toyota Harrier 2.4 G L-Premium,155000000,2010,150000,,Bensin,Otomatis
2019 Honda HRV E CVT,240000000,2019,75000,"Jakarta Selatan
5 Seat
1498 Cc
Lihat Detail Penjual",Bensin,CVT
2005 Honda Stream VTEC 1.7L AT,85000000,2005,125000,Semarang,Bensin,Otomatis
2023 Honda HRV 1.5L E CVT,330000000,2023,,,,CVT
2022 Daihatsu Terios R M/T,190000000,2022,70000,"Jakarta Timur
7 Seat
1496 Cc
Lihat Detail Penjual",Bensin,Manual
2024 Daihatsu Terios X ADS AT,210000000,2024,20000,"Jakarta Timur
7 Seat
1496 Cc
Lihat Detail Penjual",Bensin,Otomatis
2018 Datsun Cross 1.2 AT,97500000,2018,,,,Otomatis
2022 Honda HRV 1.5L S CVT,335000000,2022,30000,Bandung,Bensin,CVT
2007 Honda Jazz I-DSI 1.5L AT,85000000,2007,170000,Malang,Diesel,Otomatis
2020 Honda HRV E Plus CVT,215000000,2020,96000,Batam,Bensin,CVT
2018 Honda HRV 1.5L S CVT,186000000,2018,15765,"Jakarta Barat
5 Seat
1498 Cc
Lihat Detail Penjual",Bensin,CVT
2017 Honda HRV E Plus CVT,187000000,2017,,,,CVT
2020 Toyota Corolla Cross CROSS 1.8 SV Bensin AT,350000000,2020,,,Bensin,Otomatis
2017 Chevrolet Trax 1.4 Premier AT,155000000,2017,85000,Denpasar,Bensin,Otomatis
2015 Honda CR-V 2.4L A/T DOHC,158000000,2015,146184,"Jakarta Barat
Lihat Detail Penjual",Bensin,
2015 Toyota Rush 1.5L TRD MT,158000000,2015,157000,,Diesel,Manual
2019 Honda HRV 1.5L S,230000000,2019,9200,Surabaya,Bensin,Manual
2017 Toyota Rush 1.5L TRD MT,70000000,2017,,,,Manual
2021 Daihatsu Terios R A/T Deluxe,195000000,2021,114000,Depok,Bensin,Otomatis
2020 Daihatsu Terios X M/T Deluxe,185000000,2020,,,,Manual
2021 Daihatsu Terios R A/T,212000000,2021,28445,,Bensin,Otomatis
2016 Daihatsu Terios R ADS MT,149000000,2016,71000,,Bensin,Manual
2019 Daihatsu Terios X M/T Deluxe,195000000,2019,32000,,Bensin,Manual
2021 Daihatsu Terios X M/T,170000000,2021,40000,,Bensin,Manual
2017 Honda CR-V PRESTGE AT,315000000,2017,,,,Otomatis
2021 Honda HRV 1.8L Prestige,309000000,2021,,,,
2013 Chevrolet Captiva DOHC 2.0 AT,132500000,2013,137000,"Tangerang Selatan
Lihat Detail Penjual",Bensin,Otomatis
2022 Mazda CX-5 Anniversary Edition,540000000,2022,23226,Semarang,Bensin,Manual
2018 Honda BRV Prestige 1.5L AT,220000000,2018,,,,Otomatis
2015 Mazda CX-5 2.5L GT AT,170000000,2015,123932,"Jakarta Selatan
Lihat Detail Penjual",Bensin,Otomatis
2015 Mazda CX-5 GT,170000000,2015,80500,"Tangerang Selatan
5 Seat
2488 Cc
Lihat Detail Penjual",Bensin,Otomatis
2013 Nissan March 1.2 XS AT,100000000,2013,66123,,Bensin,Otomatis
2020 Mazda CX-3 Touring,255000000,2020,49000,,Bensin,Otomatis
2016 Datsun Cross CVT,110000000,2016,,,,CVT
2020 Suzuki XL7 BETA M/T,187500000,2020,39000,Yogyakarta,Bensin,
2009 Toyota Harrier 2.4L AT,105000000,2009,145752,Sidoarjo,Bensin,Otomatis
2019 Honda HRV 1.5L S CVT,200000000,2019,113185,"Tangerang Selatan
5 Seat
1498 Cc
Lihat Detail Penjual",Bensin,CVT
2021 Suzuki XL7 ALPHA A/T,215000000,2021,95364,"Tangerang Selatan
Lihat Detail Penjual",Bensin,
2012 Toyota Harrier 2.4L AT,220000000,2012,90001,,Bensin,Otomatis
2014 Honda CR-V 2.4L AT,182000000,2014,141856,"Jakarta Barat
Lihat Detail Penjual",Bensin,Otomatis
2022 Honda HRV SE 1.5L AT,288000000,2022,42077,,Bensin,Otomatis
2017 Honda CR-V 2.0L AT,285000000,2017,,,,Otomatis
2017 Daihatsu Terios R M/T,155000000,2017,61847,"Jakarta Barat
7 Seat
1496 Cc
Lihat Detail Penjual",Bensin,Manual
2015 Daihatsu Terios R ADS MT,168500000,2015,84000,Malang,Bensin,Manual
2020 Daihatsu Terios X M/T,205000000,2020,32172,"Jakarta Selatan
7 Seat
1496 Cc
Ventilasi Ac Belakang
Power Outlet
Layar Sentuh
Anti Lock Braking System
Sensor Parkir
Central Locking
Lihat Detail Penjual",Bensin,Manual
2018 Toyota Rush 1.5L TRD MT,228000000,2018,55000,Denpasar,Diesel,Manual
2018 Toyota Rush 1.5L TRD AT,190000000,2018,,,,Otomatis
2020 Toyota Rush 1.5L TRD MT,200000000,2020,32175,Bekasi,Diesel,Manual
2018 Honda CR-V 2.0L 4X2 AT,287000000,2018,70000,"Jakarta Barat
Lihat Detail Penjual",Bensin,Otomatis
2016 Daihatsu Terios R A/T,150000000,2016,100000,,Bensin,Otomatis
2010 Honda CR-V 2.4L AT,174000000,2010,50000,Denpasar,Bensin,Otomatis
2009 Honda CR-V 2.0L 4X2 AT,139000000,2009,118000,,Bensin,Otomatis
2013 Honda CR-V 2.4 I-VTEC AT,185000000,2013,100000,"Jakarta Selatan
5 Seat
2354 Cc
Ventilasi Ac Belakang
Engine Start Stop Button
Power Outlet
Automatic Climate Control
Jok Dilapis Kulit
Cruise Control
Lihat Detail Penjual",Bensin,Otomatis
2020 Honda HRV 1.5L E CVT Special Edition,300000000,2020,36000,"Jakarta Selatan
5 Seat
1497 Cc
Engine Start Stop Button
Power Outlet
Automatic Climate Control
Jok Dilapis Kulit
Cruise Control
Lingkar Kemudi Dengan Tombol Multi Fungsi
Lihat Detail Penjual",Bensin,CVT
2008 Honda CR-V 2.0L 4X2 AT,115000000,2008,165000,,Bensin,Otomatis
2023 Honda CR-V 1.5L Turbo Prestige,655000000,2023,3085,,Bensin,CVT
2015 Honda CR-V 2.4 24 J Bensin AT,205000000,2015,,,Bensin,Otomatis
2012 Honda CR-V 2.0L 4X2 AT,155000000,2012,90000,,Bensin,Otomatis
2015 Toyota Rush 1.5L TRD AT,100000000,2015,47689,Medan,Diesel,Otomatis
2017 Honda CR-V 2.0L,287000000,2017,,,,
2015 Honda CR-V 2.4L AUTOMATIC,225000000,2015,77000,"Jakarta Selatan
Lihat Detail Penjual",Bensin,
2022 Toyota Rush 1.5L TRD AT,230000000,2022,24880,Bogor,Diesel,Otomatis
2018 Daihatsu Terios X M/T Deluxe,185000000,2018,,,,Manual
2014 Honda CR-V PRESTIGE 2.4 AT,200000000,2014,127000,"Jakarta Utara
Lihat Detail Penjual",Bensin,Otomatis
2021 Daihatsu Terios X A/T Deluxe,225000000,2021,21435,Bekasi,Bensin,Otomatis
2017 Honda CR-V PRESTIGE 2.4 AT,285000000,2017,47250,"Jakarta Pusat
Lihat Detail Penjual",Bensin,Otomatis
2015 Honda Jazz I-DSI 1.5L AT,170000000,2015,,,,Otomatis
2003 Honda CR-V 2.0L 4X2 AT,82500000,2003,119000,Surabaya,Bensin,Otomatis
2018 Daihatsu Terios R A/T,215000000,2018,32000,"Jakarta Timur
7 Seat
1496 Cc
Ventilasi Ac Belakang
Power Outlet
Layar Sentuh
Anti Lock Braking System
Sensor Parkir
Central Locking
Lihat Detail Penjual",Bensin,Otomatis
2007 Honda Jazz I-DSI 1.5L MT,85000000,2007,95000,Tegal,Diesel,Manual
2014 Honda CR-V 2.4 I-VTEC AT,245000000,2014,,,,Otomatis
2015 Daihatsu Terios R ADS AT,160000000,2015,65000,Pekanbaru,Bensin,Otomatis
2022 Toyota Rush 1.5L TRD MT,220000000,2022,,,,Manual
2020 Toyota Rush 1.5L TRD AT,200000000,2020,32182,,Diesel,Otomatis
2017 Toyota Rush 1.5L TRD AT,180000000,2017,38563,,Diesel,Otomatis
2016 Daihatsu Terios R M/T,160000000,2016,56821,Surabaya,Bensin,Manual
2015 Honda HRV 1.5L S MT,170000000,2015,57000,,Bensin,Manual
2015 Honda CR-V 2.4L AT,215000000,2015,,,,Otomatis
2018 Honda Jazz I-DSI 1.5L AT,225000000,2018,39201,Bekasi,Diesel,Otomatis
2021 Toyota Rush 1.5L TRD MT,235000000,2021,21000,Bandung,Diesel,Manual
2018 Daihatsu Terios R A/T Deluxe,180000000,2018,53000,Bekasi,Bensin,Otomatis
2018 Daihatsu Terios R M/T Deluxe,170000000,2018,,,,Manual
2016 Toyota Rush 1.5L TRD MT,175000000,2016,37851,Depok,Diesel,Manual
2014 Honda Jazz I-DSI 1.5L AT,150000000,2014,37069,Depok,Diesel,Otomatis
2009 Honda Jazz VTEC 1.5L AT,130000000,2009,,,,Otomatis
2016 Honda Jazz I-DSI 1.5L MT,215000000,2016,,,,Manual
2011 Honda CR-V 2.0L 4X2 AT,133000000,2011,96000,Bandung,Bensin,Otomatis
2020 Daihatsu Terios R M/T,180000000,2020,21038,Bandung,Bensin,Manual
2016 Honda Jazz I-DSI 1.5L AT,190000000,2016,35247,Semarang,Diesel,Otomatis
2020 Daihatsu Terios X A/T,250000000,2020,,,,Otomatis
2017 Honda CR-V 2.0 i-VTEC AT,286000000,2017,78542,"Jakarta Selatan
5 Seat
1997 Cc
Ventilasi Ac Belakang
Power Outlet
Lingkar Kemudi Dengan Tombol Multi Fungsi
Layar Sentuh
Anti Lock Braking System
Airbag Penumpang Depan
Lihat Detail Penjual",Bensin,Otomatis
2012 Honda Jazz I-DSI 1.5L AT,140000000,2012,,,,Otomatis
2010 Honda Jazz I-DSI 1.5L AT,115000000,2010,35257,"Jakarta Barat
Lihat Detail Penjual",Diesel,Otomatis
2018 Honda Jazz VTEC 1.5L AT,215000000,2018,,,,Otomatis
2015 Daihatsu Terios R A/T,125000000,2015,8564,Balikpapan,Bensin,Otomatis
2012 Honda CR-V PRESTIGE 2.4 AT,195000000,2012,,,,Otomatis
2016 Honda HRV 1.5L S MT,160000000,2016,3500,Semarang,Bensin,Manual
2013 Honda CR-V 2.0L 4X2 AT,205000000,2013,,,,Otomatis
2019 Honda HRV E SE 1.5L AT,305000000,2019,24000,Sidoarjo,Bensin,Otomatis
2015 Honda CR-V 2.4 Prestige 24 J Bensin AT,240000000,2015,,,Bensin,Otomatis
2005 Honda Jazz VTEC 1.5L AT,83000000,2005,190000,"Tangerang
Lihat Detail Penjual",Bensin,Otomatis
2013 Honda Jazz VTEC 1.5L AT,170000000,2013,100000,Bekasi,Bensin,Otomatis
2007 Honda Jazz VTEC 1.5L AT,90000000,2007,85464,,Bensin,Otomatis
2005 Honda CR-V 2.0L 4X2 AT,88000000,2005,105000,Sidoarjo,Bensin,Otomatis
2013 Honda CR-V 2.4L A/T DOHC,210000000,2013,90000,Bandung,Bensin,
2020 Daihatsu Terios R A/T Deluxe,215000000,2020,34000,"Jakarta Timur
7 Seat
1496 Cc
Layar Sentuh
Anti Lock Braking System
Central Locking
Hill",Bensin,Otomatis
2008 Honda CR-V 2.0L,122000000,2008,,,,
2003 Honda CR-V Standar 1.5L AT,85000000,2003,256292,,Bensin,Otomatis
2020 Daihatsu Terios R M/T Deluxe,245000000,2020,53000,Makassar,Bensin,Manual
2019 Daihatsu Terios X M/T,198000000,2019,86000,Pekanbaru,Bensin,Manual
2018 Daihatsu Terios X M/T,195000000,2018,,,,Manual
2018 Honda HRV 1.5L S MT,240000000,2018,,,,Manual
2018 Honda HRV SE 1.5L AT,265000000,2018,30000,"Jakarta Utara
Lihat Detail Penjual",Bensin,Otomatis
2017 Daihatsu Terios X M/T,130000000,2017,,,,Manual
2017 Daihatsu Terios R A/T,160000000,2017,,,,Otomatis
2017 Honda CR-V 1.5L Turbo,340000000,2017,,,,
2017 Honda CR-V 2.0L MT,335000000,2017,47000,,Bensin,Manual
2016 Honda CR-V 2.0 i-VTEC AT,219000000,2016,90000,"Jakarta Timur
5 Seat
1997 Cc
Ventilasi Ac Belakang
Power Outlet
Lingkar Kemudi Dengan Tombol Multi Fungsi
Layar Sentuh
Anti Lock Braking System
Airbag Penumpang Depan
Lihat Detail Penjual",Bensin,Otomatis
2016 Honda CR-V 2.0L AT,225000000,2016,,,,Otomatis
2016 Honda HRV 1.8L E CVT,235000000,2016,61000,Surabaya,Bensin,CVT
2015 Honda HRV 1.8L E CVT,210000000,2015,,,,CVT
2015 Honda CR-V 2.4 I-VTEC AT,220000000,2015,88000,"Jakarta Utara
5 Seat
2354 Cc
Ventilasi Ac Belakang
Engine Start Stop Button
Power Outlet
Lingkar Kemudi Dengan Tombol Multi Fungsi
Automatic Climate Control
Layar Sentuh
Lihat Detail Penjual",Bensin,Otomatis
2015 Honda CR-V 2.4L AT FACELIFT,250000000,2015,60000,"Jakarta Utara
Lihat Detail Penjual",Bensin,Otomatis
2013 Honda CR-V 2.4L AUTOMATIC,189000000,2013,95000,Bogor,Bensin,
2013 Honda CR-V 2.4 24 J Bensin AT,190000000,2013,,,Bensin,Otomatis
2013 Honda CR-V 2.0 i-VTEC AT,189000000,2013,146000,Surabaya,Bensin,Otomatis
2013 Honda CR-V 2.0L MT,200000000,2013,33210,Semarang,Bensin,Manual
2013 Honda CR-V 2.4L AT FACELIFT,222000000,2013,,,,Otomatis
2012 Honda CR-V 2.0 i-VTEC AT,175000000,2012,130000,,Bensin,Otomatis
2012 Honda CR-V 2.4 24 J Bensin AT,170000000,2012,107280,Bandung,Bensin,Otomatis
2012 Honda CR-V 2 20 J Bensin MT,195000000,2012,126800,,Bensin,Manual
2006 Honda Jazz I-DSI 1.5L AT,109000000,2006,30000,"Jakarta Barat
Lihat Detail Penjual",Diesel,Otomatis
2005 Honda Jazz I-DSI 1.5L AT,80000000,2005,,,,Otomatis
2004 Honda Jazz I-DSI 1.5L AT,72000000,2004,225000,Yogyakarta,Diesel,Otomatis
2013 Honda CR-V 2.4 Prestige 24 J Bensin AT,237000000,2013,,,Bensin,Otomatis
2017 Honda CR-V 2.0L AT FACELIFT,310000000,2017,47000,,Bensin,Otomatis
2018 Daihatsu Terios X A/T,175000000,2018,63000,Denpasar,Bensin,Otomatis
2025 Honda HRV 1.5L E CVT,218500000,2025,,,,CVT
2024 Daihatsu Terios R M/T,185000000,2024,78000,,Bensin,Manual
2017 Honda CR-V 2.4 Prestige 24 J Bensin AT,255000000,2017,,,Bensin,Otomatis
2023 Daihatsu Terios X M/T,225000000,2023,10000,Pekanbaru,Bensin,Manual
2015 Daihatsu Terios R M/T,150000000,2015,,,,Manual
2022 Daihatsu Terios R A/T Deluxe,240000000,2022,18000,Tegal,Bensin,Otomatis
2017 Honda CR-V 2.0L 4X2 AT,295000000,2017,79000,"Jakarta Selatan
Lihat Detail Penjual",Bensin,Otomatis
2016 Honda CR-V 2.4L AT FACELIFT,233000000,2016,98000,"Jakarta Selatan
Lihat Detail Penjual",Bensin,Otomatis
2016 Honda CR-V PRESTGE AT,295000000,2016,,,,Otomatis
2015 Honda CR-V 2.0L 4X2 AT,225000000,2015,150000,Bogor,Bensin,Otomatis
2013 Honda CR-V 1.5L Turbo Prestige,188000000,2013,72000,"Jakarta Pusat
7 Seat
1498 Cc
Ventilasi Ac Belakang
Engine Start Stop Button
Lingkar Kemudi Dengan Tombol Multi Fungsi
Automatic Climate Control
Layar Sentuh
Anti Lock Braking System
Lihat Detail Penjual",Bensin,CVT
2013 Honda CR-V PRESTGE AT,229000000,2013,93000,Surabaya,Bensin,Otomatis
2012 Honda Jazz VTEC 1.5L AT,150000000,2012,,,,Otomatis
2017 Honda Jazz VTEC 1.5L AT,220000000,2017,94000,Sidoarjo,Bensin,Otomatis
2019 Honda CR-V 2.0L 4X2 AT,320000000,2019,,,,Otomatis
2016 Honda CR-V 2.4 4X2 AUTOMATIC,245000000,2016,,,,
2015 Honda CR-V 2.0 i-VTEC AT,218000000,2015,90000,"Tangerang
5 Seat
1997 Cc
Ventilasi Ac Belakang
Power Outlet
Lingkar Kemudi Dengan Tombol Multi Fungsi
Layar Sentuh
Anti Lock Braking System
Airbag Penumpang Depan
Lihat Detail Penjual",Bensin,Otomatis
2014 Honda CR-V 2.4 Prestige 24 J Bensin AT,199000000,2014,110000,"Jakarta Selatan
Lihat Detail Penjual",Bensin,Otomatis
2013 Honda CR-V 2.0L,189000000,2013,90000,"Jakarta Selatan
5 Seat
1997 Cc
Ventilasi Ac Belakang
Engine Start Stop Button
Lingkar Kemudi Dengan Tombol Multi Fungsi
Layar Sentuh
Anti Lock Braking System
Sensor Parkir
Lihat Detail Penjual",Bensin,CVT
2013 Honda CR-V 2.0 i-VTEC MT,200000000,2013,,,,Manual
2013 Honda CR-V 2 4X2 MANUAL,200000000,2013,33000,Semarang,Bensin,Manual
2003 Honda Jazz I-DSI 1.5L MT,89700000,2003,,,,Manual
2025 Daihatsu Terios R M/T Deluxe,199000000,2025,45000,,Bensin,Manual
2019 Honda CR-V Standar 1.5L AT,415000000,2019,33000,Bogor,Bensin,Otomatis
2015 Honda CR-V 2.0L,222000000,2015,,,,
2022 Honda HRV 1.5L E CVT Special Edition,295000000,2022,9000,"Jakarta Utara
5 Seat
1497 Cc
Engine Start Stop Button
Power Outlet
Lingkar Kemudi Dengan Tombol Multi Fungsi
Automatic Climate Control
Layar Sentuh
Anti Lock Braking System
Lihat Detail Penjual",Bensin,CVT
2020 Honda CR-V 1.5L Turbo,415000000,2020,,,,
2016 Daihatsu Terios X M/T,148000000,2016,115000,Bandung,Bensin,Manual
2015 Honda CR-V 2.4 4X2 AUTOMATIC,230000000,2015,70000,Surabaya,Bensin,
2010 Honda CR-V 2.0L 4X2 AT,150000000,2010,100000,,Bensin,Otomatis
2005 Honda CR-V 2.0L,100000000,2005,,,,
2019 Daihatsu Terios X A/T Deluxe,185000000,2019,98000,"Jakarta Timur
7 Seat
1496 Cc
Layar Sentuh
Anti Lock Braking System
Central Locking
Airbag Penumpang Depan
Alarm Mobil
Lihat Detail Penjual",Bensin,Otomatis
2015 Honda CR-V 2.0 i-VTEC MT,228000000,2015,48000,Malang,Bensin,Manual
2008 Honda CR-V 2.4L AT,123000000,2008,170000,Semarang,Bensin,Otomatis
2004 Honda CR-V 2.0L MT,87500000,2004,200000,,Bensin,Manual
2010 Honda CR-V 2.0L,140000000,2010,,,,
2010 Honda CR-V 2.4 I-VTEC AT,150000000,2010,145000,Surabaya,Bensin,Otomatis
2000 Honda CR-V 2.0L 4X2 AT,72500000,2000,160000,"Tangerang
Lihat Detail Penjual",Bensin,Otomatis
2021 Daihatsu Terios X M/T Deluxe,194000000,2021,25000,Bekasi,Bensin,Manual
2006 Honda CR-V 2.0L 4X2 AT,98000000,2006,,,,Otomatis
2002 Honda CR-V 2.0L,73000000,2002,225000,Bandung,Bensin,CVT
2014 Honda CR-V 2.0L MT,87500000,2014,200,Yogyakarta,Bensin,Manual
2011 Suzuki SX4 X-OVER 1.5 RC1 MT,98000000,2011,,,,Manual
2013 Nissan Juke 1.5L CVT RX RED INTERIOR,155000000,2013,72212,,Bensin,CVT
2014 Nissan Juke 1.5 CVT Red Interior,170000000,2014,80000,,Bensin,CVT
2007 Suzuki SX4 1.5L AT,85000000,2007,102588,,Bensin,Otomatis
2009 Nissan Juke 1.5L CVT,140000000,2009,,,,CVT
2016 Suzuki SX4 S Cross MT,145000000,2016,100000,Semarang,Bensin,Manual
2012 Mazda CX 5 2.0L AT TOURING,190000000,2012,,,,Otomatis
2020 Mazda CX 5 GT,475000000,2020,20000,Surabaya,Bensin,Otomatis
2015 Nissan March 1.2 MT,115000000,2015,75089,"Jakarta Barat
5 Seat
1198 Cc
Engine Start Stop Button
Lingkar Kemudi Dengan Tombol Multi Fungsi
Airbag Penumpang Depan
Alarm Mobil
Automatic Head Lamps
Spoiler Belakang
Lihat Detail Penjual",Bensin,Manual
2014 Chevrolet Spin LTZ Active 1.5 MT,92000000,2014,153000,,Bensin,Manual
2015 Mazda CX 5 2.5L GT AT,255000000,2015,,,,Otomatis
2021 Mazda CX-5 2.5L URBAN AT,175000000,2021,120000,,Bensin,Otomatis
2011 Nissan March 1.2 MT,87000000,2011,,,,Manual
2017 Suzuki SX4 S Cross MT,165000000,2017,24681,Malang,Bensin,Manual
2021 Mazda CX-5 2.5L GT AT,475000000,2021,,,,Otomatis
2013 Mazda CX-5 2.0L AT,215000000,2013,,,,Otomatis
2009 Chevrolet Captiva DOHC 2.0 AT,95000000,2009,135000,,Bensin,Otomatis
2012 Nissan Juke 1.5 CVT Black Interior,110000000,2012,,,,CVT
2002 Nissan Juke 1.5L RX CVT,110000000,2002,127485,Jember,Bensin,CVT
2017 Mazda CX-5 Anniversary Edition,368000000,2017,,,,Manual
2010 Suzuki SX4 1.5L AT,100000000,2010,88728,,Bensin,Otomatis
2015 Nissan Juke Revolt AT,150000000,2015,59403,Semarang,Bensin,Otomatis
2010 Suzuki SX4 X-OVER 1.5 RC1 AT,100000000,2010,,,,Otomatis
2011 Suzuki SX4 CROSSOVER 1.5L AT,120000000,2011,100000,"Tangerang Selatan
Lihat Detail Penjual",Bensin,Otomatis
2013 Mazda CX-5 2.5L GT AT,165000000,2013,,,,Otomatis
2007 Suzuki SX4 X-OVER 1.5 RC1 AT,70000000,2007,84554,Serang,Bensin,Otomatis
2016 Nissan Juke RX AT,173000000,2016,,,,Otomatis
2013 Suzuki SX4 X-OVER 1.5 RC1 MT,105000000,2013,,,,Manual
2013 Nissan Juke CVT 1.5 AT,125000000,2013,130000,,Bensin,CVT
2006 Toyota Corolla J 1.8L MT,115000000,2006,130000,,Bensin,Manual
2013 Mazda CX 5 2.5L GT AT,190000000,2013,190000,"Tangerang
Lihat Detail Penjual",Bensin,Otomatis
2013 Mazda CX 5 2.0L AT,190000000,2013,99000,Denpasar,Bensin,Otomatis
2000 Toyota Corolla 1.6 SEG AT,47000000,2000,250000,Depok,Bensin,Otomatis
2013 Nissan March 1.5 MT,100000000,2013,70000,Depok,Bensin,Manual
2016 Mazda CX 5 2.0L AT TOURING,270000000,2016,,,,Otomatis
2017 Nissan March 1.2 MT,115000000,2017,160000,,Bensin,Manual
1993 Toyota Corolla 1.6 SEG AT,250000000,1993,93000,Surabaya,Bensin,Otomatis
2022 Mazda CX-5 CX5 SPORT,488000000,2022,,,,
2021 Honda BRV Prestige 1.5L AT,237000000,2021,40000,,Bensin,Otomatis
2018 Mazda CX-5 GRAND TOURING SKYACTIVE,358000000,2018,88000,"Jakarta Utara
Lihat Detail Penjual",Bensin,
2018 Mazda CX-5 Anniversary Edition,400000000,2018,,,,Manual
2017 Mazda CX-5 2.5L GT AT,385000000,2017,65000,Semarang,Bensin,Otomatis
2017 Mazda CX-5 GRAND TOURING,395000000,2017,40000,Surabaya,Bensin,
2016 Honda BRV S 1.5L MT,155000000,2016,107000,Palembang,Bensin,Manual
2016 Mazda CX-5 2.5L GT AT,323000000,2016,72000,"Tangerang
Lihat Detail Penjual",Bensin,Otomatis
2019 Honda BRV Prestige 1.5L AT,192000000,2019,34667,,Bensin,Otomatis
2019 Mazda CX-5 2.5L GT AT,425000000,2019,43000,"Jakarta Utara
Lihat Detail Penjual",Bensin,Otomatis
2019 Mazda CX-5 GT,419000000,2019,20000,,Bensin,Otomatis
2018 Mazda CX-5 2.5L Sport AT,349000000,2018,40000,"Jakarta Selatan
Lihat Detail Penjual",Bensin,Otomatis
2017 Nissan March 1.2 XS AT,132199999,2017,67353,Bogor,Bensin,Otomatis
2015 Nissan Juke RX AT,195000000,2015,100000,Denpasar,Bensin,Otomatis
2014 Mazda CX-5 2.0L AT TOURING,169000000,2014,,,,Otomatis
2012 Mazda CX-5 GRAND TOURING SKYACTIVE,200000000,2012,,,,
2012 Mazda CX-5 2.0L AT,235000000,2012,78000,"Jakarta Timur
Lihat Detail Penjual",Bensin,Otomatis
2016 Nissan March 1.2 AT,90000000,2016,25000,,Bensin,Otomatis
2016 Nissan March 1.2 XS AT,119000000,2016,83490,Surabaya,Bensin,Otomatis
2015 Mazda CX-5 GRAND TOURING SKYACTIVE,220000000,2015,112000,Surabaya,Bensin,
2013 Mazda CX-5 CX5 SPORT,175000000,2013,100000,Pekanbaru,Bensin,
2009 Suzuki SX4 S Cross AT,95000000,2009,,,,Otomatis
2010 Chevrolet Captiva DOHC 2.0 AT,192000000,2010,,,,Otomatis
1991 Toyota Corolla 1.6 TWINCAM SE MT SDN,96000000,1991,59000,Bekasi,Bensin,Manual
2018 Suzuki SX4 CROSSOVER 1.5L AT,210000000,2018,20000,"Tangerang Selatan
Lihat Detail Penjual",Bensin,Otomatis
1992 Toyota Corolla 1.6 SEG MT,85000000,1992,,,,Manual
2019 Suzuki SX4 S Cross CROSS ROAD AT,189000000,2019,76000,"Jakarta Selatan
Lihat Detail Penjual",Bensin,Otomatis
2015 Nissan Juke 1.5L CVT RX RED INTERIOR,153000000,2015,42000,"Jakarta Utara
Lihat Detail Penjual",Bensin,CVT
2018 Nissan March 1.2 AT,123000000,2018,43000,,Bensin,Otomatis
2017 Suzuki SX4 S Cross CROSS ROAD AT,170000000,2017,,,,Otomatis
2012 Mazda CX-5 2.0L AT TOURING,159000000,2012,,,,Otomatis
2014 Nissan March 1.5 AT,108000000,2014,70000,"Jakarta Utara
5 Seat
1498 Cc
Engine Start Stop Button
Lingkar Kemudi Dengan Tombol Multi Fungsi
Anti Lock Braking System
Sensor Parkir
Automatic Head Lamps
Airbag Penumpang Depan
Lihat Detail Penjual",Bensin,Otomatis
2015 Mazda CX-5 2.5L Sport AT,200000000,2015,,,,Otomatis
2018 Suzuki SX4 S Cross CROSS ROAD AT,190000000,2018,,,,Otomatis
2011 Suzuki SX4 1.5L AT,100000000,2011,94000,Surabaya,Bensin,Otomatis
2010 Suzuki SX4 X ROAD 1.5 A/T,87000000,2010,90000,"Tangerang
Lihat Detail Penjual",Bensin,
2005 Toyota Corolla 1.8 SEG,53000000,2005,100000,Yogyakarta,Bensin,
2016 Suzuki SX4 S Cross CROSS ROAD AT,156000000,2016,125000,Sidoarjo,Bensin,Otomatis
1997 Toyota Corolla 1.6 SEG GREAT MT SDN,52000000,1997,,,,Manual
2023 Honda WR-V RS,259000000,2023,28651,,Bensin,CVT
2024 Honda WR-V RS With Honda Sensing,279000000,2024,,,,
2019 Toyota CHR Hybrid 1.8L Dual Tone,310000000,2019,63093,Depok,Hybrid,CVT
2019 Honda HRV E Plus CVT,220000000,2019,104289,Depok,Bensin,CVT
2020 Suzuki XL7 ALPHA A/T,200000000,2020,,,,
2020 Toyota Corolla Cross HEV GR-S,335000000,2020,,,,
2024 Hyundai Stargazer X 1.5L IVT Prime,275000000,2024,8334,"Jakarta Pusat
7 Seat
1497 Cc
Ventilasi Ac Belakang
Engine Start Stop Button
Power Outlet
Lingkar Kemudi Dengan Tombol Multi Fungsi
Automatic Climate Control
Perintah Suara
Lihat Detail Penjual",Bensin,CVT
2015 Honda HRV 1.5L S CVT,185000000,2015,,,,CVT
2009 Suzuki Vitara GRAND VITARA JLX M / T,109000000,2009,95000,,Bensin,
2020 Honda HRV 1.5L Turbo RS,330000000,2020,114000,Bekasi,Bensin,CVT
2018 Datsun Cross CVT,103000000,2018,,,,CVT
2019 BMW X3 XDRIVE 2.0L AT,825000000,2019,55000,"Jakarta Utara
Lihat Detail Penjual",Bensin,Otomatis
2019 Toyota CHR 1.8L CVT Single Tone,410000000,2019,38000,,Bensin,CVT
2023 Hyundai Creta Dynamic Black Edition,351000000,2023,,,,
2014 Ford Focus Sedan Titanium 2.0L AT,185000000,2014,35259,Depok,Bensin,Otomatis
2018 Mercedes Benz GLA 200,460000000,2018,60000,"Tangerang
Lihat Detail Penjual",Bensin,
2015 BMW X1 sDrive18i xLine,325000000,2015,,,,
2015 BMW X1 SDRIVE 18i SPORT,329000000,2015,40000,"Tangerang Selatan
Lihat Detail Penjual",Bensin,
2020 Mercedes Benz GLA 200 AMG Line,540000000,2020,40000,"Jakarta Utara
5 Seat
1332 Cc
Ventilasi Ac Belakang
Engine Start Stop Button
Power Outlet
Automatic Climate Control
Air Quality Control
Perintah Suara
Lihat Detail Penjual",Bensin,Otomatis
2023 Lexus NX 350h F Sport,1293000000,2023,13000,Bekasi,Bensin,CVT
2016 Honda HRV 1.5L Turbo RS,260000000,2016,42000,,Bensin,CVT
2019 Lexus RX 300 Luxury,1100000000,2019,72000,"Jakarta Pusat
7 Seat
1998 Cc
Ventilasi Ac Belakang
Engine Start Stop Button
Power Outlet
Automatic Climate Control
Air Quality Control
Jok Dilapis Kulit
Lihat Detail Penjual",Bensin,Otomatis
2003 Ford Escape 4 X 2 XLT 2L MT,85000000,2003,,,,Manual
2015 BMW X5 XDRIVE 35i AT,600000000,2015,,,,Otomatis
2019 Datsun Cross 1.2 AT,150000000,2019,32100,Palembang,Bensin,Otomatis
2018 Kia Sportage GT Ultimate,250000000,2018,,,,Otomatis
2018 Kia Sportage 2.0L STD MT,290000000,2018,,,,Manual
2016 Honda HRV 1.5L S CVT,160000000,2016,34254,Bogor,Bensin,CVT
2010 Toyota Harrier 2.4L AT,190000000,2010,,,,Otomatis
2016 Mazda CX-3 Touring,315000000,2016,70000,"Jakarta Selatan
5 Seat
1999 Cc
Ventilasi Ac Belakang
Engine Start Stop Button
Power Outlet
Automatic Climate Control
Air Quality Control
Jok Dilapis Kulit
Lihat Detail Penjual",Bensin,Otomatis
2018 Mazda CX-3 2.0 GT,310000000,2018,,,,
2007 Suzuki Vitara GRAND VITARA JLX M / T,130000000,2007,,,,
2012 Mazda CX-3 Touring,299900000,2012,,,,Otomatis
2022 Suzuki XL7 BETA M/T,230000000,2022,2800,"Jakarta Utara
Lihat Detail Penjual",Bensin,
2022 Honda WR-V RS With Honda Sensing,315000000,2022,1000,Bekasi,Bensin,CVT
2016 BMW X3 xDrive20d xLine,540000000,2016,,,,Otomatis
2022 Suzuki XL7 ALPHA A/T,220000000,2022,12000,"Tangerang Selatan
Lihat Detail Penjual",Bensin,
2020 Hyundai Creta Active MT,225000000,2020,5000,,Bensin,Manual
2022 Honda HRV 1.5L E CVT,340000000,2022,,,,CVT
2021 Suzuki XL7 BETA M/T,190000000,2021,40660,"Jakarta Timur
Lihat Detail Penjual",Bensin,
2021 Honda HRV 1.5L Turbo RS,330000000,2021,60000,Bekasi,Bensin,CVT
2021 Lexus RX 300 Luxury,1065000000,2021,11000,"Tangerang Selatan
7 Seat
1998 Cc
Lihat Detail Penjual",Bensin,Otomatis
2020 Lexus RX 300 Luxury,995000000,2020,,,,Otomatis
2019 Mercedes Benz GLC-Class 200 AMG Line,830000000,2019,28000,"Jakarta Utara
5 Seat
1991 Cc
Ventilasi Ac Belakang
Engine Start Stop Button
Power Outlet
Lingkar Kemudi Dengan Tombol Multi Fungsi
Automatic Climate Control
Air Quality Control
Lihat Detail Penjual",Bensin,Otomatis
2018 BMW X3 xDrive20i Luxury,640000000,2018,65000,"Jakarta Selatan
5 Seat
1597 Cc
Ventilasi Ac Belakang
Engine Start Stop Button
Power Outlet
Lingkar Kemudi Dengan Tombol Multi Fungsi
Automatic Climate Control
Layar Sentuh
Lihat Detail Penjual",Bensin,Otomatis
2018 BMW X5 XDRIVE 30i XLINE,725000000,2018,,,,
2018 BMW X5 XDRIVE 35i AT,745000000,2018,,,,Otomatis
2017 Honda HRV 1.5L Turbo RS,235000000,2017,110000,Depok,Bensin,CVT
2017 Honda HRV 1.5L SE CVT,260000000,2017,59086,Bandung,Bensin,CVT
2017 BMW X3 sDrive20i xLine,500000000,2017,86956,"Jakarta Barat
5 Seat
1998 Cc
Ventilasi Ac Belakang
Engine Start Stop Button
Power Outlet
Lingkar Kemudi Dengan Tombol Multi Fungsi
Automatic Climate Control
Perintah Suara
Lihat Detail Penjual",Bensin,Otomatis
2017 BMW X5 xDrive25d,545000000,2017,74999,"Tangerang Selatan
5 Seat
1995 Cc
Lihat Detail Penjual",Diesel,Otomatis
2015 Mercedes Benz GLA 200,370000000,2015,35402,"Jakarta Barat
Lihat Detail Penjual",Bensin,
2015 BMW X5 xDrive25d,545000000,2015,45000,"Tangerang Selatan
5 Seat
1995 Cc
Lihat Detail Penjual",Diesel,Otomatis
2015 BMW X5 3.0L AT BENSIN,615000000,2015,,,Bensin,Otomatis
2012 Toyota Harrier 2.4 G L-Premium,212000000,2012,80000,"Tangerang Selatan
5 Seat
2362 Cc
Lihat Detail Penjual",Bensin,Otomatis
2012 Audi Q7 3.0 TFSI Quattro,400000000,2012,,,,Otomatis
2011 Toyota Harrier 3.0 G L-Premium,217000000,2011,89000,"Jakarta Utara
5 Seat
2994 Cc
Lihat Detail Penjual",Bensin,Otomatis
2022 Lexus RX 300 Luxury,1199000000,2022,11023,"Tangerang Selatan
7 Seat
1998 Cc
Lihat Detail Penjual",Bensin,Otomatis
2019 BMW X3 xDrive20i Luxury,589000000,2019,,,,Otomatis
2017 Mercedes Benz GLC-Class 200 AMG Line,550000000,2017,62000,"Tangerang Selatan
5 Seat
1991 Cc
Lihat Detail Penjual",Bensin,Otomatis
2017 Mercedes Benz GLA 200 AMG Edition 50,545000000,2017,30000,"Tangerang Selatan
5 Seat
1595 Cc
Lihat Detail Penjual",Bensin,Otomatis
2015 Audi Q3 1.4 TFSI,295000000,2015,72000,"Tangerang Selatan
5 Seat
1395 Cc
Lihat Detail Penjual",Bensin,Otomatis
2015 BMW X3 xDrive20i xLine,345000000,2015,40212,"Tangerang Selatan
5 Seat
1995 Cc
Lihat Detail Penjual",Diesel,Otomatis
2014 BMW X5 XDRIVE 30i XLINE,495000000,2014,40000,"Tangerang Selatan
Lihat Detail Penjual",Bensin,
2021 Lexus UX 200 F-Sport,600000000,2021,37000,"Tangerang Selatan
Lihat Detail Penjual",Bensin,
2017 BMW X1 SDRIVE 18i SPORT,299000000,2017,38967,"Tangerang Selatan
Lihat Detail Penjual",Bensin,
2017 Audi Q7 3.0 TFSI Quattro,800000000,2017,,,,Otomatis
2015 BMW X4 XDrive28i XLine,385000000,2015,44021,"Tangerang Selatan
Lihat Detail Penjual",Bensin,
2013 BMW X3 XDRIVE 2.0L AT,325000000,2013,78000,"Tangerang Selatan
Lihat Detail Penjual",Bensin,Otomatis
2022 Suzuki XL7 BETA A/T,226000000,2022,12000,Surabaya,Bensin,
2016 Mercedes Benz GLA 200 AMG Line,479000000,2016,,,,Otomatis
2021 BMW X1 SDRIVE 18i EXECUTIVE,795000000,2021,476,"Jakarta Utara
Lihat Detail Penjual",Bensin,
2021 BMW X3 xDrive30i M Sport,1064000000,2021,13000,"Jakarta Utara
5 Seat
1998 Cc
Ventilasi Ac Belakang
Engine Start Stop Button
Power Outlet
Lingkar Kemudi Dengan Tombol Multi Fungsi
Automatic Climate Control
Perintah Suara
Lihat Detail Penjual",Bensin,Otomatis
2017 Mercedes Benz GLA 200 AMG Line,530000000,2017,59000,"Jakarta Utara
5 Seat
1332 Cc
Ventilasi Ac Belakang
Engine Start Stop Button
Power Outlet
Lingkar Kemudi Dengan Tombol Multi Fungsi
Automatic Climate Control
Air Quality Control
Lihat Detail Penjual",Bensin,Otomatis
2014 Audi Q7 3.0 TFSI Quattro,335000000,2014,,,,Otomatis
2006 BMW X3 2.5L AT,149000000,2006,,,,Otomatis
2011 BMW X5 M M Competition,777000000,2011,40912,"Tangerang Selatan
5 Seat
4395 Cc
Lihat Detail Penjual",Bensin,Otomatis
2014 BMW X3 xDrive20i Luxury,349000000,2014,49000,"Tangerang Selatan
5 Seat
1597 Cc
Ventilasi Ac Belakang
Engine Start Stop Button
Power Outlet
Automatic Climate Control
Jok Dilapis Kulit
Cruise Control
Lihat Detail Penjual",Bensin,Otomatis
1978 Chevrolet Trax 1.4T LTZ AT,195000000,1978,71000,"Jakarta Selatan
5 Seat
1364 Cc
Engine Start Stop Button
Power Outlet
Lingkar Kemudi Dengan Tombol Multi Fungsi
Air Quality Control
Perintah Suara
Layar Sentuh
Lihat Detail Penjual",Bensin,Otomatis
2022 Suzuki XL7 ZETA M/T,210000000,2022,,,,
2016 BMW X5 xDrive25d,698000000,2016,,,,Otomatis
2015 Chevrolet Trax 1.4 LT AT TURBO,165000000,2015,89985,Malang,Bensin,Otomatis
2015 Suzuki XL7 BETA M/T,195000000,2015,,,,
2015 Honda HRV 1.5L SE CVT,248000000,2015,71000,Pekanbaru,Bensin,CVT
2015 BMW X3 XDRIVE 2.0L AT,489000000,2015,,,,Otomatis
2010 BMW X5 XDRIVE 30i XLINE,237000000,2010,429,Depok,Bensin,
2009 Toyota Harrier 2.4 G L-Premium,145000000,2009,100000,Surabaya,Bensin,Otomatis
2006 Toyota Harrier 2.4L AT,157000000,2006,,,,Otomatis
2003 BMW X5 3.0L AT BENSIN,175000000,2003,70000,,Bensin,Otomatis
2020 BMW X5 XDRIVE 30i XLINE,1300000000,2020,30000,"Jakarta Utara
Lihat Detail Penjual",Bensin,
1970 Audi Q3 1.4 TFSI,540000000,1970,,,,Otomatis
2023 Suzuki XL7 BETA A/T,230000000,2023,13000,,Bensin,
2023 Honda HRV 1.5L S CVT,355900000,2023,1000,"Tangerang Selatan
5 Seat
1498 Cc
Engine Start Stop Button
Lingkar Kemudi Dengan Tombol Multi Fungsi
Automatic Climate Control
Perintah Suara
Layar Sentuh
Anti Lock Braking System
Lihat Detail Penjual",Bensin,CVT
2021 Suzuki XL7 BETA A/T,215000000,2021,,,,
2016 BMW X5 xDrive35i xLine,634000000,2016,,,,Otomatis
2015 Audi Q7 3.0 TFSI Quattro,485000000,2015,40000,"Jakarta Pusat
7 Seat
2995 Cc
Ventilasi Ac Belakang
Engine Start Stop Button
Power Outlet
Lingkar Kemudi Dengan Tombol Multi Fungsi
Automatic Climate Control
Air Quality Control
Lihat Detail Penjual",Bensin,Otomatis
2005 Toyota Harrier 2.4L AT,129000000,2005,,,,Otomatis
2022 Toyota Corolla Cross HEV GR-S,375000000,2022,20000,"Tangerang Selatan
5 Seat
1798 Cc
Lihat Detail Penjual",Bensin,CVT
2016 Mercedes Benz GLA 200 Urban Line,355000000,2016,,,,Otomatis
2011 BMW X1 SDRIVE 18i SPORT,199000000,2011,95000,"Jakarta Selatan
Lihat Detail Penjual",Bensin,
2010 Mercedes Benz R-Class 300 L WITH RSE,315000000,2010,,,,
2015 BMW X5 xDrive35i xLine,595000000,2015,,,,Otomatis
2014 Ford Focus Sport Hatchback 2.0L AT,145000000,2014,120000,Makassar,Bensin,Otomatis
2011 BMW X1 SDRIVE 18i EXECUTIVE,189000000,2011,,,,
2008 BMW X5 3.0L AT BENSIN,229000000,2008,130000,"Jakarta Selatan
Lihat Detail Penjual",Bensin,Otomatis
2007 Honda HRV 1.5L E CVT,227000000,2007,,,,CVT
2005 Suzuki XL7 BETA A/T,205000000,2005,22738,Surabaya,Bensin,
2020 Toyota CHR Hybrid 1.8L,400000000,2020,15000,"Jakarta Utara
5 Seat
1798 Cc
Ventilasi Ac Belakang
Engine Start Stop Button
Lingkar Kemudi Dengan Tombol Multi Fungsi
Automatic Climate Control
Layar Sentuh
Anti Lock Braking System
Lihat Detail Penjual",Hybrid,CVT
2021 Kia Sonet 1.5 L DYNAMIC AT,270000000,2021,18000,Surabaya,Bensin,Otomatis
2019 Suzuki XL7 ALPHA A/T,160000000,2019,,,,
2003 BMW X5 XDRIVE 30i XLINE,139000000,2003,140000,"Jakarta Selatan
Lihat Detail Penjual",Bensin,
2008 Suzuki Vitara GRAND VITARA JLX M / T,95000000,2008,12345,,Bensin,
2023 CHERY OMODA 5 RZ,390000000,2023,3000,Medan,Bensin,CVT
2018 Honda CR-V Standar 1.5L AT,160000000,2018,40000,Banjarmasin,Bensin,Otomatis
2018 Mazda CX 5 GT,130000000,2018,47000,Semarang,Bensin,Otomatis
2014 Mazda CX 5 2.5L Sport AT,55000000,2014,55000,,Bensin,Otomatis
2007 Honda CR-V Standar 1.5L AT,77000000,2007,,,,Otomatis
2016 Honda CR-V 2.0L,105000000,2016,56000,Medan,Bensin,CVT
2016 Daihatsu Terios R M/T Deluxe,65000000,2016,50000,,Bensin,Manual
2014 Mazda CX 5 2.0L AT TOURING,57000000,2014,,,,Otomatis
2014 Honda Jazz VTEC 1.5L AT,78000000,2014,,,,Otomatis
2017 Daihatsu Terios X A/T Deluxe,163480000,2017,31000,"Jakarta Selatan
7 Seat
1496 Cc
Layar Sentuh
Anti Lock Braking System
Central Locking
Airbag Penumpang Depan
Alarm Mobil
Lihat Detail Penjual",Bensin,Otomatis
2009 Suzuki SX4 X-OVER 1.5 RC1 AT,42000000,2009,64378,,Bensin,Otomatis
2017 Honda Jazz I-DSI 1.5L AT,107000000,2017,,,,Otomatis
2019 Datsun Cross 1.2 MT,75000000,2019,,,,Manual
